{
  "version": 1,
  "trainedAt": "2026-03-29T07:27:03.965Z",
  "sourceDataset": "data/dataset3/heart_disease.csv",
  "featureNames": [
    "age",
    "bloodPressure",
    "cholesterol",
    "bmi",
    "sleepHours",
    "exerciseScore",
    "smoker",
    "diabetic"
  ],
  "means": [
    49.23886075949367,
    149.63898734177215,
    225.61822784810127,
    29.130434778604677,
    6.985853394208683,
    0.6214430379746863,
    0.5106329113924051,
    0.499746835443038
  ],
  "stds": [
    18.203565062388527,
    17.568611941664688,
    43.64640077551597,
    6.314379244847663,
    1.7571657137794876,
    0.3076302954100213,
    0.500013523290915,
    0.5001265021833496
  ],
  "weights": [
    -0.006898136492582538,
    -0.03160071700572053,
    0.0035273170475392064,
    0.06316998015307093,
    -0.02228701355917587,
    0.0014637424183955334,
    -0.005174703141320135,
    -0.014731525581821775
  ],
  "bias": -1.3872419228890742,
  "metrics": {
    "train": {
      "accuracy": 0.799873417721519,
      "loss": 0.5001059564544088
    },
    "test": {
      "accuracy": 0.7964556962025316,
      "loss": 0.5057443264794775
    },
    "rowsUsed": 9875
  }
}